"temporada","equipo","fase_alcanzada","año_temporada","tiros_campo_anotados","tiros_campo_intentados","triples_anotados","triples_intentados","tiros_libres_anotados","tiros_libres_intentados","rebotes_ofensivos","rebotes_defensivos","rebotes_totales","asistencias","perdidas_balon","robos","bloqueos","faltas_personales","puntos","victorias","acierto_tiros_campo","acierto_triples","acierto_tiros_libres","conferencia"
"2010-11","Atlanta Hawks",1,"2010-11",36.2317073170732,78.4024390243902,6.1219512195122,17.4024390243902,16.4146341463415,21.0731707317073,9.29268292682927,30,39.2926829268293,21.9756097560976,13.6341463414634,6.0609756097561,4.15853658536585,18.9512195121951,95,44,0.462124747239073,0.351786965662228,0.778935185185185,"Este"
"2010-11","Boston Celtics",1,"2010-11",36.8658536585366,75.8414634146341,4.97560975609756,13.6463414634146,17.7926829268293,23.109756097561,7.79268292682927,31,38.7926829268293,23.4268292682927,14.5731707317073,8.24390243902439,4.19512195121951,20.4634146341463,96.5,56,0.486091011416626,0.364611260053619,0.769920844327177,"Este"
"2010-11","Chicago Bulls",2,"2010-11",37.0975609756098,80.3292682926829,6.23170731707317,17.2560975609756,18.1951219512195,24.4878048780488,11.7926829268293,32.3658536585366,44.1585365853659,22.280487804878,14.1585365853659,7.21951219512195,5.70731707317073,19.9878048780488,98.6219512195122,62,0.461818733869743,0.36113074204947,0.743027888446215,"Este"
"2010-11","Dallas Mavericks",4,"2010-11",37.4268292682927,78.8170731707317,7.86585365853659,21.5609756097561,17.5243902439024,22.5609756097561,9.51219512195122,31.9268292682927,41.4390243902439,23.8292682926829,13.9634146341463,6.79268292682927,4.29268292682927,19.2073170731707,100.243902439024,57,0.474856877611017,0.364819004524887,0.776756756756757,"Oeste"
"2010-11","Denver Nuggets",0,"2010-11",38.3536585365854,80.6463414634146,8.07317073170732,20.780487804878,22.6707317073171,29.6219512195122,9.64634146341463,32.3414634146341,41.9878048780488,22.109756097561,14.109756097561,7.3780487804878,4.29268292682927,20.9634146341463,107.451219512195,50,0.475578406169666,0.38849765258216,0.76533552902429,"Oeste"
"2010-11","Indiana Pacers",0,"2010-11",36.6219512195122,82.7682926829268,7.13414634146341,20.1585365853659,19.4146341463415,24.8170731707317,11.1463414634146,32.4024390243902,43.5487804878049,19.6463414634146,15.390243902439,7.1219512195122,5.5609756097561,21.7317073170732,99.7926829268293,37,0.442463533225284,0.353901996370236,0.782309582309582,"Este"
"2010-11","Los Angeles Lakers",1,"2010-11",38.1463414634146,82.4024390243902,6.39024390243902,18.1341463414634,18.7926829268293,24.1341463414634,12.0609756097561,31.9024390243902,43.9634146341463,21.9634146341463,13.0853658536585,7.34146341463415,5.14634146341463,18.9634146341463,101.475609756098,57,0.462927334615954,0.352387357094822,0.778676099039919,"Oeste"
"2010-11","Memphis Grizzlies",1,"2010-11",39.0243902439024,82.9390243902439,3.76829268292683,11.2926829268293,18.1219512195122,24.1585365853659,11.8292682926829,29.1585365853659,40.9878048780488,20.6219512195122,13.9634146341463,9.40243902439024,5.3780487804878,20.7926829268293,99.9390243902439,46,0.470519041317453,0.333693304535637,0.75012619888945,"Oeste"
"2010-11","Miami Heat",3,"2010-11",36.9634146341463,76.8414634146341,6.67073170731707,18.0365853658537,21.4634146341463,27.9024390243902,9.63414634146342,32.5121951219512,42.1463414634146,19.9878048780488,13.9268292682927,6.63414634146341,5.24390243902439,20.4146341463415,102.060975609756,58,0.481034756387875,0.369844489519946,0.769230769230769,"Este"
"2010-11","New Orleans Hornets",0,"2010-11",35.9024390243902,78.2439024390244,5.41463414634146,15.0243902439024,17.7073170731707,23.1341463414634,10.0487804878049,30.0975609756098,40.1463414634146,20.6219512195122,13.0365853658537,7.60975609756098,4.3780487804878,20.9634146341463,94.9268292682927,46,0.458852867830424,0.36038961038961,0.765419082762256,"Oeste"
"2010-11","New York Knicks",0,"2010-11",38.2926829268293,83.7439024390244,9.32926829268293,25.3780487804878,20.5975609756098,25.4512195121951,10.3292682926829,30.1219512195122,40.4512195121951,21.4268292682927,13.6951219512195,7.6219512195122,5.79268292682927,21.2560975609756,106.512195121951,42,0.457259356341925,0.367611725132148,0.809295639674174,"Este"
"2010-11","Oklahoma City Thunder",2,"2010-11",37.390243902439,80.5975609756098,5.9390243902439,17.109756097561,24.109756097561,29.280487804878,11.0121951219512,31.7560975609756,42.7682926829268,20.390243902439,14.0975609756098,7.97560975609756,5.9390243902439,22.390243902439,104.829268292683,55,0.463912846118929,0.347113328581611,0.823406913785922,"Oeste"
"2010-11","Orlando Magic",0,"2010-11",36.0487804878049,78.1829268292683,9.39024390243902,25.6463414634146,17.719512195122,25.6219512195122,10.5365853658537,32.6707317073171,43.2073170731707,19.9512195121951,14.9268292682927,6.68292682926829,4.68292682926829,20,99.2073170731707,52,0.461082514428326,0.366143604374703,0.69157544026654,"Este"
"2010-11","Philadelphia 76ers",0,"2010-11",38.109756097561,82.6341463414634,5.40243902439024,15.219512195122,17.390243902439,22.5731707317073,10.3658536585366,31.4390243902439,41.8048780487805,22.6951219512195,12.9634146341463,7.57317073170732,4.32926829268293,19.4146341463415,99.0121951219512,41,0.461186540731995,0.354967948717949,0.770394381415451,"Este"
"2010-11","Portland Trail Blazers",0,"2010-11",35.9878048780488,80.4756097560976,6.31707317073171,18.3292682926829,18,22.3780487804878,12.1463414634146,27.1951219512195,39.3414634146341,21.1707317073171,13.0487804878049,8.04878048780488,4.36585365853659,19.3292682926829,96.2926829268293,48,0.447188968025458,0.344644045242848,0.804359673024523,"Oeste"
"2010-11","San Antonio Spurs",0,"2010-11",38.390243902439,80.8292682926829,8.35365853658537,21.0609756097561,18.5487804878049,24.1951219512195,10.109756097561,31.7439024390244,41.8536585365854,22.390243902439,13.4268292682927,7.34146341463415,4.53658536585366,18.9756097560976,103.682926829268,61,0.474954737477369,0.396641574985524,0.766633064516129,"Oeste"
"2011-12","Atlanta Hawks",0,"2011-12",36.8030303030303,81.030303030303,7.45454545454545,20.1515151515152,15.530303030303,20.9848484848485,9.87878787878788,31.3030303030303,41.1818181818182,22.4393939393939,13.9545454545455,8.12121212121212,4.59090909090909,17.8484848484848,96.5909090909091,40,0.454188481675393,0.369924812030075,0.740072202166065,"Este"
"2011-12","Boston Celtics",2,"2011-12",35.469696969697,77.0606060606061,5.5,14.969696969697,15.4090909090909,19.8181818181818,7.71212121212121,31.0757575757576,38.7878787878788,23.5909090909091,14.8333333333333,7.54545454545455,5.48484848484848,19.9242424242424,91.8484848484848,39,0.460283130161227,0.367408906882591,0.777522935779817,"Este"
"2011-12","Chicago Bulls",0,"2011-12",37.3787878787879,82.7575757575758,6.34848484848485,16.9242424242424,15.2424242424242,21.1212121212121,13.8636363636364,32.8030303030303,46.6666666666667,23.1363636363636,13.9848484848485,6.90909090909091,5.87878787878788,17.2575757575758,96.3484848484848,50,0.451666056389601,0.375111906893465,0.721664275466284,"Este"
"2011-12","Dallas Mavericks",0,"2011-12",36.3333333333333,82,7.53030303030303,22.1818181818182,15.5909090909091,20.2121212121212,10.0757575757576,32.6818181818182,42.7575757575758,20.9090909090909,14.030303030303,8.56060606060606,5.10606060606061,18.5757575757576,95.7878787878788,36,0.443089430894309,0.33948087431694,0.77136431784108,"Oeste"
"2011-12","Denver Nuggets",0,"2011-12",38.969696969697,81.8787878787879,6.59090909090909,19.8636363636364,19.5909090909091,26.6666666666667,11.1818181818182,31.8939393939394,43.0757575757576,23.9545454545455,15.3787878787879,8.18181818181818,5,19.6515151515152,104.121212121212,38,0.475943745373797,0.331807780320366,0.734659090909091,"Oeste"
"2011-12","Indiana Pacers",1,"2011-12",35.6666666666667,81.4393939393939,5.93939393939394,16.1212121212121,20.4393939393939,26.1212121212121,12.5151515151515,31.3636363636364,43.8787878787879,18.6060606060606,14.0151515151515,7.92424242424242,5.40909090909091,21.6666666666667,97.7121212121212,42,0.437953488372093,0.368421052631579,0.782482598607889,"Este"
"2011-12","Los Angeles Clippers",1,"2011-12",36.9545454545455,81.3030303030303,7.78787878787879,21.8333333333333,15.8484848484848,23.3030303030303,12.1212121212121,29.4393939393939,41.5606060606061,20.9848484848485,13.3181818181818,8.42424242424242,4.77272727272727,21.1969696969697,97.5454545454546,40,0.45452851285874,0.356696738376128,0.680104031209363,"Oeste"
"2011-12","Los Angeles Lakers",1,"2011-12",36.8030303030303,80.5909090909091,5.48484848484848,16.8484848484848,18.2121212121212,24.0757575757576,12.1060606060606,34.1060606060606,46.2121212121212,22.5,15.1060606060606,5.90909090909091,5.31818181818182,16.8030303030303,97.3030303030303,41,0.456664786614025,0.325539568345324,0.75645059786029,"Oeste"
"2011-12","Memphis Grizzlies",0,"2011-12",36.7424242424242,82.1515151515152,4.1969696969697,12.8636363636364,17.3030303030303,22.7878787878788,12.5909090909091,29.4545454545455,42.0454545454545,19.5454545454545,14.469696969697,9.56060606060606,5.22727272727273,19.9393939393939,94.9848484848485,41,0.447251936554777,0.326266195524146,0.759308510638298,"Oeste"
"2011-12","Miami Heat",4,"2011-12",37.0606060606061,78.969696969697,5.60606060606061,15.6060606060606,18.7575757575758,24.2121212121212,10.3939393939394,31.2121212121212,41.6060606060606,19.9545454545455,15.1818181818182,8.86363636363636,5.37878787878788,19.4242424242424,98.4848484848485,46,0.469301611665388,0.359223300970874,0.774718397997497,"Este"
"2011-12","New York Knicks",0,"2011-12",35.8333333333333,80.8333333333333,7.83333333333333,23.3030303030303,18.3484848484848,24.7575757575758,11.2575757575758,30.4848484848485,41.7424242424242,20.1212121212121,16,9.42424242424242,4.18181818181818,21.0757575757576,97.8484848484848,36,0.443298969072165,0.336150845253576,0.741126070991432,"Este"
"2011-12","Oklahoma City Thunder",3,"2011-12",37.3030303030303,79.2272727272727,7.15151515151515,19.9545454545455,21.3030303030303,26.4242424242424,11,32.6818181818182,43.6818181818182,18.5454545454545,16.3484848484848,7.54545454545455,8.16666666666667,20.4848484848485,103.060606060606,47,0.470835723847772,0.358390280941534,0.806192660550459,"Oeste"
"2011-12","Orlando Magic",0,"2011-12",34.469696969697,78.2121212121212,10.1515151515152,27.0454545454545,15.0757575757576,22.8484848484848,11.2424242424242,31.2121212121212,42.4545454545455,20.0151515151515,14.9090909090909,6.83333333333333,4.16666666666667,17.6969696969697,94.1666666666667,37,0.4407206509105,0.375350140056022,0.659814323607427,"Este"
"2011-12","Philadelphia 76ers",1,"2011-12",37.4393939393939,83.5757575757576,5.28787878787879,14.5909090909091,13.469696969697,18.1515151515152,10.6666666666667,32.4848484848485,43.1515151515151,22.0151515151515,11.1818181818182,7.96969696969697,5.15151515151515,17.530303030303,93.6363636363636,35,0.447969543147208,0.362409138110073,0.742070116861436,"Este"
"2011-12","San Antonio Spurs",2,"2011-12",39.5606060606061,82.7727272727273,8.36363636363636,21.2878787878788,16.1666666666667,21.6212121212121,10.3484848484848,32.6212121212121,42.969696969697,23.1515151515152,13.5606060606061,7.42424242424242,4.43939393939394,17.3181818181818,103.651515151515,50,0.477942522423577,0.39288256227758,0.747722494744219,"Oeste"
"2011-12","Utah Jazz",0,"2011-12",38.2272727272727,83.8030303030303,4.13636363636364,12.8030303030303,19.0606060606061,25.2727272727273,13.0454545454545,31.1363636363636,44.1818181818182,21.8030303030303,14.1818181818182,8.25757575757576,5.83333333333333,21.8333333333333,99.6515151515152,36,0.45615621045019,0.323076923076923,0.754196642685851,"Oeste"
"2012-13","Atlanta Hawks",0,"2012-13",37.609756097561,81.0243902439024,8.60975609756098,23.1829268292683,14.1219512195122,19.7439024390244,9.24390243902439,31.6219512195122,40.8658536585366,24.4756097560976,14.8658536585366,8.09756097560976,4.5,17.9634146341463,97.9512195121951,44,0.46417820590006,0.371383482377696,0.715256331068561,"Este"
"2012-13","Boston Celtics",0,"2012-13",37.0493827160494,79.7407407407407,6.14814814814815,17.1604938271605,16.2716049382716,20.962962962963,8.07407407407407,31.2716049382716,39.3456790123457,22.7530864197531,14.5802469135802,8.23456790123457,4.50617283950617,21.1975308641975,96.5185185185185,41,0.464623006657377,0.358273381294964,0.77620730270907,"Este"
"2012-13","Brooklyn Nets",0,"2012-13",35.8780487804878,79.8048780487805,7.65853658536585,21.4634146341463,17.4634146341463,23.8780487804878,12.7682926829268,30,42.7682926829268,20.3414634146341,14.7073170731707,7.30487804878049,4.76829268292683,18.2926829268293,96.8780487804878,49,0.449572127139364,0.356818181818182,0.731358529111338,"Este"
"2012-13","Chicago Bulls",1,"2012-13",35.6829268292683,81.6829268292683,5.4390243902439,15.4268292682927,16.3780487804878,21.1951219512195,12.5121951219512,30.6585365853659,43.1707317073171,23,14.280487804878,7.17073170731707,5.08536585365854,19.719512195122,93.1829268292683,45,0.436846819946253,0.352569169960474,0.772727272727273,"Este"
"2012-13","Denver Nuggets",0,"2012-13",40.719512195122,85.1585365853659,6.35365853658537,18.5121951219512,18.3536585365854,26.1951219512195,13.3170731707317,31.719512195122,45.0365853658537,24.4146341463415,15.280487804878,9.29268292682927,6.5,20.5121951219512,106.146341463415,57,0.478161248746957,0.343214756258234,0.700651769087523,"Oeste"
"2012-13","Golden State Warriors",1,"2012-13",38.1707317073171,83.4146341463415,8.02439024390244,19.9024390243902,16.8048780487805,21.2682926829268,10.7926829268293,34.1585365853659,44.9512195121951,22.5,15.0731707317073,6.91463414634146,4.21951219512195,21.3780487804878,101.170731707317,47,0.457602339181287,0.403186274509804,0.790137614678899,"Oeste"
"2012-13","Houston Rockets",0,"2012-13",38.0975609756098,82.7073170731707,10.5731707317073,28.890243902439,19.1829268292683,25.4512195121951,11.0853658536585,32.3414634146341,43.4268292682927,23.1951219512195,16.4390243902439,8.28048780487805,4.3780487804878,20.2682926829268,105.951219512195,45,0.460631082276614,0.365977205571971,0.753713464302827,"Oeste"
"2012-13","Indiana Pacers",2,"2012-13",35.1234567901235,80.5555555555556,6.85185185185185,19.7407407407407,17.641975308642,23.641975308642,12.8765432098765,32.9753086419753,45.8518518518519,20.3086419753086,15.1481481481481,7.16049382716049,6.33333333333333,20.037037037037,94.7407407407408,49,0.436015325670498,0.347091932457786,0.74621409921671,"Este"
"2012-13","Los Angeles Clippers",0,"2012-13",38.5365853658537,80.5853658536585,7.64634146341463,21.3658536585366,16.3658536585366,23.0243902439024,11.4390243902439,30.1829268292683,41.6219512195122,23.8780487804878,14.5975609756098,9.5609756097561,5.6219512195122,20.9268292682927,101.085365853659,56,0.478208232445521,0.357876712328767,0.710805084745763,"Oeste"
"2012-13","Los Angeles Lakers",0,"2012-13",37.0853658536585,80.9756097560976,8.71951219512195,24.5731707317073,19.3170731707317,27.9146341463415,11.4878048780488,33.3170731707317,44.8048780487805,22.1707317073171,15.0243902439024,7.02439024390244,5.23170731707317,17.890243902439,102.207317073171,45,0.457981927710843,0.354838709677419,0.692005242463958,"Oeste"
"2012-13","Memphis Grizzlies",2,"2012-13",36.1463414634146,81.4512195121951,4.65853658536585,13.5,16.4512195121951,21.2926829268293,12.9146341463415,29.8170731707317,42.7317073170732,20.9146341463415,13.9512195121951,8.57317073170732,5.31707317073171,20.2439024390244,93.4024390243902,56,0.443779008833658,0.345076784101174,0.77262313860252,"Oeste"
"2012-13","Miami Heat",4,"2012-13",38.390243902439,77.4146341463415,8.74390243902439,22.0609756097561,17.3536585365854,23.0121951219512,8.24390243902439,30.3658536585366,38.609756097561,23.0487804878049,13.9390243902439,8.65853658536585,5.3780487804878,18.6951219512195,102.878048780488,66,0.495904221802142,0.396351575456053,0.754107048224695,"Este"
"2012-13","Milwaukee Bucks",0,"2012-13",38.1463414634146,87.7682926829268,7.32926829268293,20.3658536585366,15.2560975609756,20.7317073170732,13.0243902439024,30.9390243902439,43.9634146341463,22.8780487804878,14.0975609756098,8.35365853658537,6.70731707317073,18.9512195121951,98.8780487804878,38,0.434625538418786,0.359880239520958,0.735882352941177,"Este"
"2012-13","New York Knicks",1,"2012-13",36.5365853658537,81.5731707317073,10.8658536585366,28.9146341463415,16.0121951219512,21.0853658536585,10.8536585365854,29.7073170731707,40.5609756097561,19.2560975609756,12.0487804878049,8.19512195121951,3.58536585365854,20.1219512195122,99.9512195121951,54,0.447899536552549,0.375790805567271,0.759398496240602,"Este"
"2012-13","Oklahoma City Thunder",1,"2012-13",38.1219512195122,79.3170731707317,7.29268292682927,19.3658536585366,22.1829268292683,26.780487804878,10.4146341463415,33.2317073170732,43.6463414634146,21.3780487804878,15.280487804878,8.28048780487805,7.60975609756098,20.1707317073171,105.719512195122,60,0.480627306273063,0.376574307304786,0.828324225865209,"Oeste"
"2012-13","San Antonio Spurs",3,"2012-13",39.1463414634146,81.4024390243902,8.08536585365854,21.5121951219512,16.6463414634146,21.0365853658537,8.12195121951219,33.1829268292683,41.3048780487805,25.0975609756098,14.7073170731707,8.47560975609756,5.4390243902439,17.4024390243902,103.024390243902,58,0.480898876404494,0.375850340136054,0.791304347826087,"Oeste"
"2013-14","Atlanta Hawks",0,"2013-14",37.3292682926829,81.5609756097561,9.36585365853658,25.8048780487805,16.9756097560976,21.7317073170732,8.69512195121951,31.280487804878,39.9756097560976,24.890243902439,15.2560975609756,8.29268292682927,3.97560975609756,19.2317073170732,101,38,0.457685406698565,0.362948960302457,0.781144781144781,"Este"
"2013-14","Brooklyn Nets",1,"2013-14",35.7439024390244,77.9390243902439,8.64634146341463,23.4390243902439,18.390243902439,24.4146341463415,8.79268292682927,29.3536585365854,38.1463414634146,20.9024390243902,14.5243902439024,8.59756097560976,3.79268292682927,21.6707317073171,98.5243902439024,44,0.458613675481145,0.36888657648283,0.753246753246753,"Este"
"2013-14","Charlotte Bobcats",0,"2013-14",36.2926829268293,82.0731707317073,6.29268292682927,17.9390243902439,17.9756097560976,24.390243902439,9.46341463414634,33.219512195122,42.6829268292683,21.6829268292683,12.3170731707317,6.08536585365854,5.13414634146341,18.2073170731707,96.8536585365854,43,0.442199108469539,0.350781781101292,0.737,"Este"
"2013-14","Chicago Bulls",0,"2013-14",34.6707317073171,80.2073170731707,6.19512195121951,17.7926829268293,18.1219512195122,23.2682926829268,11.4268292682927,32.719512195122,44.1463414634146,22.6829268292683,14.9146341463415,7.24390243902439,5.17073170731707,19.0853658536585,93.6585365853658,48,0.432263950129238,0.348183687457162,0.778825995807128,"Este"
"2013-14","Dallas Mavericks",0,"2013-14",39.6219512195122,83.6341463414634,8.79268292682927,22.890243902439,16.8048780487805,21.1341463414634,10.2439024390244,30.6585365853659,40.9024390243902,23.5975609756098,13.5365853658537,8.58536585365854,4.34146341463415,19.9512195121951,104.841463414634,49,0.473753280839895,0.384123601491742,0.795152914021927,"Oeste"
"2013-14","Golden State Warriors",0,"2013-14",39.4634146341463,85.4268292682927,9.4390243902439,24.8414634146341,15.890243902439,21.109756097561,10.9268292682927,34.3780487804878,45.3048780487805,23.3170731707317,15.2073170731707,7.82926829268293,4.96341463414634,21.7560975609756,104.256097560976,51,0.461955745895789,0.379970544918999,0.752744078567302,"Oeste"
"2013-14","Houston Rockets",0,"2013-14",38.0243902439024,80.5243902439024,9.5,26.5731707317073,22.1219512195122,31.0853658536585,11.219512195122,34.109756097561,45.3292682926829,21.4024390243902,16.1341463414634,7.57317073170732,5.6219512195122,20.4390243902439,107.670731707317,54,0.472209601696199,0.357503441945847,0.711651628089447,"Oeste"
"2013-14","Indiana Pacers",2,"2013-14",35.9634146341463,80.1585365853659,6.70731707317073,18.8048780487805,18.109756097561,23.2560975609756,10.1707317073171,34.5243902439024,44.6951219512195,20.1341463414634,15.0853658536585,6.70731707317073,5.4390243902439,20.4268292682927,96.7439024390244,56,0.448653582838886,0.356679636835279,0.778710015731515,"Este"
"2013-14","Los Angeles Clippers",1,"2013-14",39.1219512195122,82.4512195121951,8.45121951219512,23.9756097560976,21.2317073170732,29.0731707317073,10.4634146341463,32.5365853658537,43,24.5853658536585,13.8536585365854,8.57317073170732,4.84146341463415,21.5487804878049,107.926829268293,57,0.474486022777696,0.352492370295015,0.730285234899329,"Oeste"
"2013-14","Memphis Grizzlies",0,"2013-14",38.0731707317073,81.9878048780488,4.9390243902439,13.9878048780488,15.0609756097561,20.3170731707317,11.5853658536585,30.8048780487805,42.390243902439,21.8536585365854,13.7073170731707,7.69512195121951,4.57317073170732,19.1219512195122,96.1463414634146,50,0.464376022608954,0.353095030514385,0.741296518607443,"Oeste"
"2013-14","Miami Heat",3,"2013-14",38.3170731707317,76.4878048780488,8.10975609756098,22.3048780487805,17.4512195121951,22.9756097560976,7.64634146341463,29.2317073170732,36.8780487804878,22.5243902439024,14.780487804878,8.92682926829268,4.47560975609756,19.4634146341463,102.19512195122,54,0.500956632653061,0.363586659376709,0.759554140127389,"Este"
"2013-14","Oklahoma City Thunder",2,"2013-14",38.9512195121951,82.7073170731707,8.09756097560976,22.4268292682927,20.1585365853659,25.0243902439024,10.8170731707317,33.9146341463415,44.7317073170732,21.8780487804878,15.3170731707317,8.26829268292683,6.10975609756098,22.6585365853659,106.158536585366,59,0.470952521380124,0.361065796628602,0.805555555555555,"Oeste"
"2013-14","Portland Trail Blazers",1,"2013-14",39.109756097561,87,9.39024390243902,25.2560975609756,19.1341463414634,23.4878048780488,12.4634146341463,33.9756097560976,46.4390243902439,23.219512195122,13.719512195122,5.53658536585366,4.71951219512195,19.219512195122,106.743902439024,54,0.449537426408747,0.371801062288749,0.814641744548287,"Oeste"
"2013-14","San Antonio Spurs",4,"2013-14",40.5609756097561,83.4634146341463,8.51219512195122,21.4268292682927,15.719512195122,20.0243902439024,9.29268292682927,33.9756097560976,43.2682926829268,25.1707317073171,14.390243902439,7.36585365853659,5.1219512195122,18.2317073170732,105.353658536585,62,0.485973115137347,0.397268070574843,0.785018270401949,"Oeste"
"2013-14","Toronto Raptors",0,"2013-14",36.4878048780488,81.9268292682927,8.69512195121951,23.3780487804878,19.609756097561,25.0609756097561,11.4024390243902,31.1219512195122,42.5243902439024,21.1829268292683,14.1341463414634,7.03658536585366,4.18292682926829,22.9512195121951,101.280487804878,48,0.445370646025603,0.371935315597287,0.782481751824817,"Este"
"2013-14","Washington Wizards",1,"2013-14",38.7439024390244,84.390243902439,7.89024390243902,20.780487804878,15.280487804878,20.9146341463415,10.8048780487805,31.3780487804878,42.1829268292683,23.280487804878,14.6829268292683,8.14634146341463,4.59756097560976,20.4268292682927,100.658536585366,44,0.459104046242775,0.379694835680751,0.730612244897959,"Este"
"2014-15","Atlanta Hawks",2,"2014-15",38.0609756097561,81.6951219512195,9.97560975609756,26.2439024390244,16.4512195121951,21.1585365853659,8.71951219512195,31.8414634146341,40.5609756097561,25.7439024390244,14.2317073170732,9.07317073170732,4.63414634146341,17.7682926829268,102.548780487805,60,0.465890431407673,0.380111524163569,0.777521613832853,"Este"
"2014-15","Boston Celtics",0,"2014-15",38.9390243902439,87.9390243902439,8.04878048780488,24.6463414634146,15.4390243902439,20.4634146341463,11.0975609756098,32.7439024390244,43.8414634146341,24.5,13.8170731707317,8.21951219512195,3.58536585365854,21.1951219512195,101.365853658537,40,0.442795728747746,0.326571004453241,0.754469606674613,"Este"
"2014-15","Brooklyn Nets",0,"2014-15",37.4268292682927,82.9756097560976,6.59756097560976,19.9146341463415,16.5731707317073,22.1585365853659,10.3170731707317,32.0365853658537,42.3536585365854,20.9268292682927,13.8170731707317,7.02439024390244,4.14634146341463,19.2560975609756,98.0243902439024,38,0.451058201058201,0.331292100428659,0.747936158503027,"Este"
"2014-15","Chicago Bulls",1,"2014-15",36.5975609756098,82.890243902439,7.86585365853659,22.2560975609756,19.7317073170732,25.2073170731707,11.6951219512195,34.0487804878049,45.7439024390244,21.719512195122,13.9634146341463,6.26829268292683,5.80487804878049,18.2317073170732,100.792682926829,50,0.441518316904517,0.353424657534247,0.782776971456217,"Este"
"2014-15","Cleveland Cavaliers",3,"2014-15",37.6707317073171,82.1829268292683,10.0731707317073,27.4756097560976,17.719512195122,23.5853658536585,11.109756097561,31.8536585365854,42.9634146341463,22.1219512195122,14.280487804878,7.35365853658537,4.14634146341463,18.4146341463415,103.134146341463,53,0.458376613740911,0.366622281402574,0.75129265770424,"Este"
"2014-15","Dallas Mavericks",0,"2014-15",39.6951219512195,85.8048780487805,8.92682926829268,25.390243902439,16.9024390243902,22.4756097560976,10.4634146341463,31.8048780487805,42.2682926829268,22.5121951219512,12.9512195121951,8.08536585365854,4.52439024390244,20.0487804878049,105.219512195122,50,0.462620807276862,0.351585014409222,0.752034725990233,"Oeste"
"2014-15","Golden State Warriors",4,"2014-15",41.5853658536585,87.0365853658537,10.7682926829268,27.0365853658537,16.0121951219512,20.8414634146341,10.4024390243902,34.3170731707317,44.719512195122,27.4146341463415,14.4512195121951,9.29268292682927,6.04878048780488,19.8536585365854,109.951219512195,67,0.477791789267199,0.398285972034281,0.768285547103569,"Oeste"
"2014-15","Houston Rockets",2,"2014-15",36.9756097560976,83.3170731707317,11.3780487804878,32.6829268292683,18.5975609756098,26.0121951219512,11.6829268292683,32,43.6829268292683,22.1951219512195,16.6585365853659,9.47560975609756,4.96341463414634,21.9878048780488,103.926829268293,56,0.443793911007026,0.348134328358209,0.714955461790905,"Oeste"
"2014-15","Los Angeles Clippers",1,"2014-15",39.3658536585366,83.2926829268293,10.0853658536585,26.8536585365854,17.9024390243902,25.2073170731707,9.5609756097561,33.0609756097561,42.6219512195122,24.7682926829268,12.3414634146341,7.80487804878049,4.98780487804878,21.3292682926829,106.719512195122,56,0.472620790629575,0.375567665758401,0.710208030962748,"Oeste"
"2014-15","Memphis Grizzlies",1,"2014-15",37.7682926829268,82.4756097560976,5.15853658536585,15.1951219512195,17.6219512195122,22.7926829268293,10.4390243902439,32.1219512195122,42.5609756097561,21.6707317073171,13.3414634146341,8.53658536585366,4.23170731707317,19.109756097561,98.3170731707317,55,0.457932870028094,0.339486356340289,0.773140716960942,"Oeste"
"2014-15","Milwaukee Bucks",0,"2014-15",37.5975609756098,81.9756097560976,6.64634146341463,18.2926829268293,16,21.1463414634146,10.6829268292683,31.390243902439,42.0731707317073,23.5609756097561,16.7439024390244,9.62195121951219,4.91463414634146,22.1219512195122,97.8414634146342,41,0.458643260934246,0.363333333333333,0.756632064590542,"Este"
"2014-15","New Orleans Pelicans",0,"2014-15",37.9024390243902,82.8658536585366,7.14634146341463,19.3048780487805,16.4024390243902,21.8292682926829,11.4878048780488,31.9634146341463,43.4512195121951,22.0243902439024,13.2560975609756,6.74390243902439,6.21951219512195,18.6585365853659,99.3536585365854,45,0.457395143487859,0.370183196462413,0.751396648044693,"Oeste"
"2014-15","Portland Trail Blazers",0,"2014-15",38.719512195122,85.9634146341463,9.84146341463415,27.2073170731707,15.5121951219512,19.3780487804878,10.719512195122,35.1341463414634,45.8536585365854,21.9390243902439,13.6219512195122,6.40243902439024,4.53658536585366,18.219512195122,102.792682926829,51,0.450418499077883,0.361721201255043,0.800503461296413,"Oeste"
"2014-15","San Antonio Spurs",0,"2014-15",39.1219512195122,83.5853658536585,8.25609756097561,22.5243902439024,16.6829268292683,21.390243902439,9.82926829268293,33.8048780487805,43.6341463414634,24.390243902439,13.9756097560976,8.01219512195122,5.41463414634146,19.0731707317073,103.182926829268,55,0.468047855266997,0.36654033567948,0.779931584948689,"Oeste"
"2014-15","Toronto Raptors",0,"2014-15",37.9024390243902,83.280487804878,8.85365853658537,25.1219512195122,19.3292682926829,24.5609756097561,10.7439024390244,30.8048780487805,41.5487804878049,20.7439024390244,12.890243902439,7.5,4.35365853658537,20.8780487804878,103.987804878049,49,0.455117879630985,0.352427184466019,0.786991062562066,"Este"
"2014-15","Washington Wizards",1,"2014-15",38.280487804878,82.8048780487805,6.0609756097561,16.8414634146341,15.9146341463415,21.4390243902439,10.5121951219512,34.1585365853659,44.6707317073171,24.0121951219512,15.0365853658537,7.32926829268293,4.60975609756098,20.8170731707317,98.5365853658536,46,0.462297496318115,0.35988414192614,0.742320819112628,"Este"
"2015-16","Atlanta Hawks",1,"2015-16",38.6341463414634,84.4268292682927,9.9390243902439,28.3658536585366,15.6341463414634,19.9756097560976,8.28048780487805,33.8048780487805,42.0853658536585,25.609756097561,14.9512195121951,9.10975609756098,5.92682926829268,19.1463414634146,102.841463414634,48,0.457605084500939,0.350386930352537,0.782661782661783,"Este"
"2015-16","Boston Celtics",0,"2015-16",39.219512195122,89.2439024390244,8.74390243902439,26.1219512195122,18.5365853658537,23.5243902439024,11.5853658536585,33.3292682926829,44.9146341463415,24.1585365853659,13.7439024390244,9.17073170731707,4.24390243902439,21.9024390243902,105.719512195122,48,0.439464334517628,0.334733893557423,0.787973043027475,"Este"
"2015-16","Charlotte Hornets",0,"2015-16",37.0243902439024,84.4146341463415,10.6463414634146,29.390243902439,18.7073170731707,23.6707317073171,8.95121951219512,34.9878048780488,43.9390243902439,21.6829268292683,12.5487804878049,7.25609756097561,5.34146341463415,18.1341463414634,103.40243902439,48,0.438601560242704,0.362240663900415,0.790314270994333,"Este"
"2015-16","Cleveland Cavaliers",4,"2015-16",38.6707317073171,84,10.7317073170732,29.609756097561,16.2560975609756,21.7439024390244,10.6463414634146,33.8658536585366,44.5121951219512,22.6951219512195,13.5853658536585,6.71951219512195,3.86585365853658,20.3170731707317,104.329268292683,57,0.460365853658537,0.362438220757825,0.747616376892877,"Este"
"2015-16","Dallas Mavericks",0,"2015-16",37.3658536585366,84.1463414634146,9.82926829268293,28.5609756097561,17.7317073170732,22.3292682926829,9.15853658536585,33.9146341463415,43.0731707317073,22.109756097561,12.7682926829268,6.82926829268293,3.73170731707317,19.4512195121951,102.292682926829,42,0.444057971014493,0.344150298889838,0.79410158383397,"Oeste"
"2015-16","Detroit Pistons",0,"2015-16",37.9390243902439,86.4268292682927,9.02439024390244,26.1951219512195,17.0609756097561,25.5487804878049,12.4512195121951,33.8658536585366,46.3170731707317,19.4390243902439,13.5365853658537,6.98780487804878,3.70731707317073,18.9878048780488,101.963414634146,44,0.438972767038239,0.344506517690875,0.667780429594272,"Este"
"2015-16","Golden State Warriors",3,"2015-16",42.5487804878049,87.3048780487805,13.1341463414634,31.609756097561,16.6585365853659,21.8292682926829,9.95121951219512,36.2439024390244,46.1951219512195,28.9390243902439,15.1829268292683,8.40243902439024,6.07317073170732,20.7439024390244,114.890243902439,73,0.48735856963263,0.415509259259259,0.763128491620112,"Oeste"
"2015-16","Houston Rockets",0,"2015-16",37.7317073170732,83.5,10.7073170731707,30.890243902439,20.3780487804878,29.3536585365854,11.3414634146341,31.719512195122,43.0609756097561,22.2073170731707,15.9390243902439,10.0121951219512,5.24390243902439,21.8292682926829,106.548780487805,41,0.451876734336206,0.346624555862613,0.694225176568342,"Oeste"
"2015-16","Indiana Pacers",0,"2015-16",38.3170731707317,85.1829268292683,8.08536585365854,23.0365853658537,17.4390243902439,22.8292682926829,10.3292682926829,33.890243902439,44.219512195122,21.2317073170732,14.8658536585366,9.04878048780488,4.76829268292683,20.0121951219512,102.158536585366,45,0.449821045096636,0.350979354155638,0.763888888888889,"Este"
"2015-16","LA Clippers",2,"2015-16",38.3048780487805,82.4268292682927,9.71951219512195,26.7073170731707,18.1707317073171,26.2439024390244,8.79268292682927,33.2560975609756,42.0487804878049,22.8414634146341,12.9634146341463,8.64634146341463,5.60975609756098,21.2926829268293,104.5,53,0.464713715046605,0.363926940639269,0.692379182156134,"Oeste"
"2015-16","Memphis Grizzlies",0,"2015-16",36.8170731707317,83.6463414634146,6.14634146341463,18.5487804878049,19.3170731707317,24.6829268292683,11.1707317073171,30.4512195121951,41.6219512195122,20.6951219512195,13.2926829268293,8.82926829268293,4.26829268292683,21.7439024390244,99.0975609756098,42,0.4401516256014,0.331360946745562,0.782608695652174,"Oeste"
"2015-16","Miami Heat",1,"2015-16",38.4146341463415,81.6707317073171,6.07317073170732,18.0487804878049,17.1463414634146,23.0365853658537,9.84146341463415,34.280487804878,44.1219512195122,20.8414634146341,14.0853658536585,6.74390243902439,6.47560975609756,18.3170731707317,100.048780487805,48,0.470359862625056,0.336486486486486,0.744309158284807,"Este"
"2015-16","Oklahoma City Thunder",2,"2015-16",41.1219512195122,86.3658536585366,8.26829268292683,23.719512195122,19.7073170731707,25.2073170731707,13.0609756097561,35.5609756097561,48.6219512195122,22.9634146341463,15.9146341463415,7.35365853658537,5.9390243902439,20.6219512195122,110.219512195122,55,0.476136684552386,0.348586118251928,0.781809385582971,"Oeste"
"2015-16","Portland Trail Blazers",1,"2015-16",38.6219512195122,85.8536585365854,10.5365853658537,28.4878048780488,17.3658536585366,23.0365853658537,11.5609756097561,33.9268292682927,45.4878048780488,21.3170731707317,14.6341463414634,6.85365853658537,4.63414634146341,21.7317073170732,105.146341463415,44,0.449857954545455,0.36986301369863,0.753838009528851,"Oeste"
"2015-16","San Antonio Spurs",1,"2015-16",40.109756097561,82.890243902439,6.95121951219512,18.5121951219512,16.3658536585366,20.390243902439,9.39024390243902,34.5243902439024,43.9146341463415,24.5121951219512,13.0609756097561,8.25609756097561,5.91463414634146,17.4756097560976,103.536585365854,67,0.483889951449169,0.375494071146245,0.802631578947368,"Oeste"
"2015-16","Toronto Raptors",2,"2015-16",36.6585365853659,81.3292682926829,8.63414634146342,23.3536585365854,20.7560975609756,26.7073170731707,10.1951219512195,33.219512195122,43.4146341463415,18.7317073170732,13.0853658536585,7.75609756097561,5.47560975609756,19.6341463414634,102.707317073171,56,0.450742240215924,0.369712793733681,0.77716894977169,"Este"
"2016-17","Atlanta Hawks",0,"2016-17",38.0853658536585,84.3658536585366,8.89024390243902,26.0609756097561,18.0975609756098,24.8658536585366,10.2682926829268,34.0609756097561,44.3292682926829,23.6341463414634,15.780487804878,8.19512195121951,4.84146341463415,18.1829268292683,103.158536585366,43,0.451431049436253,0.341132428638278,0.727807748896518,"Este"
"2016-17","Boston Celtics",2,"2016-17",38.6341463414634,85.0853658536585,12.0121951219512,33.4268292682927,18.7317073170732,23.2073170731707,9.0609756097561,32.9024390243902,41.9634146341463,25.2317073170732,13.2682926829268,7.52439024390244,4.14634146341463,20.5609756097561,108.012195121951,53,0.454063351010463,0.359357898577162,0.807146610614819,"Este"
"2016-17","Chicago Bulls",0,"2016-17",38.6463414634146,87.0853658536585,7.59756097560976,22.3292682926829,17.9756097560976,22.5365853658537,12.1829268292683,34.109756097561,46.2926829268293,22.5731707317073,13.5609756097561,7.84146341463415,4.79268292682927,17.7439024390244,102.865853658537,41,0.443775381599216,0.340251228836701,0.797619047619048,"Este"
"2016-17","Cleveland Cavaliers",3,"2016-17",39.9390243902439,84.9146341463415,13.0121951219512,33.890243902439,17.4512195121951,23.3292682926829,9.34146341463415,34.4024390243902,43.7439024390244,22.6585365853659,13.6707317073171,6.57317073170732,3.98780487804878,18.1219512195122,110.341463414634,51,0.470343242855091,0.383951061532926,0.74803972817564,"Este"
"2016-17","Golden State Warriors",4,"2016-17",43.0731707317073,87.0731707317073,11.9756097560976,31.2439024390244,17.7682926829268,22.5609756097561,9.39024390243902,35.0365853658537,44.4268292682927,30.3780487804878,14.7682926829268,9.57317073170732,6.76829268292683,19.3292682926829,115.890243902439,67,0.494677871148459,0.383294301327088,0.787567567567568,"Oeste"
"2016-17","Houston Rockets",1,"2016-17",40.3048780487805,87.219512195122,14.4024390243902,40.3170731707317,20.3292682926829,26.5487804878049,10.8780487804878,33.4878048780488,44.3658536585366,25.2439024390244,15.1219512195122,8.17073170731707,4.29268292682927,19.9268292682927,115.341463414634,55,0.462108501118568,0.357229280096794,0.765732659623335,"Oeste"
"2016-17","Indiana Pacers",0,"2016-17",39.280487804878,84.5243902439024,8.64634146341463,22.9878048780488,17.890243902439,22.0853658536585,9.04878048780488,32.9512195121951,42,22.4878048780488,13.780487804878,8.15853658536585,4.98780487804878,19.4756097560976,105.09756097561,42,0.46472370509306,0.376127320954907,0.810049696300386,"Este"
"2016-17","LA Clippers",1,"2016-17",39.5365853658537,83.1707317073171,10.2560975609756,27.3780487804878,19.3414634146341,25.9512195121951,9,34.0243902439024,43.0243902439024,22.5365853658537,12.9512195121951,7.46341463414634,4.23170731707317,19.8292682926829,108.670731707317,51,0.475366568914956,0.374610244988864,0.745300751879699,"Oeste"
"2016-17","Memphis Grizzlies",0,"2016-17",36.390243902439,83.5853658536585,9.35365853658537,26.4512195121951,18.3414634146341,23.390243902439,10.8048780487805,31.9634146341463,42.7682926829268,21.2682926829268,12.9146341463415,7.96341463414634,4.19512195121951,22.4390243902439,100.475609756098,43,0.435366209512693,0.35361917934532,0.78415015641293,"Oeste"
"2016-17","Milwaukee Bucks",0,"2016-17",38.8048780487805,81.890243902439,8.78048780487805,23.7317073170732,17.2317073170732,22.4268292682927,8.81707317073171,31.5731707317073,40.390243902439,24.1951219512195,13.9634146341463,8.12195121951219,5.31707317073171,20.2439024390244,103.621951219512,42,0.473864482501861,0.369989722507708,0.768352365415987,"Este"
"2016-17","Oklahoma City Thunder",0,"2016-17",39.4756097560976,87.4268292682927,8.4390243902439,25.8048780487805,19.2073170731707,25.7682926829268,12.219512195122,34.4024390243902,46.6219512195122,20.9878048780488,15,7.90243902439024,4.97560975609756,20.9146341463415,106.59756097561,47,0.451527409680569,0.32703213610586,0.745385707524846,"Oeste"
"2016-17","Portland Trail Blazers",0,"2016-17",39.5487804878049,86.0853658536585,10.390243902439,27.7073170731707,18.4512195121951,23.6585365853659,10.1219512195122,33.5365853658537,43.6585365853659,21.1341463414634,13.7317073170732,7,4.97560975609756,21.1707317073171,107.939024390244,41,0.459413514662133,0.375,0.779896907216495,"Oeste"
"2016-17","San Antonio Spurs",2,"2016-17",39.2926829268293,83.7073170731707,9.18292682926829,23.5,17.5609756097561,22.0243902439024,10.0121951219512,33.8658536585366,43.8780487804878,23.8292682926829,13.4268292682927,7.98780487804878,5.90243902439024,18.2682926829268,105.329268292683,61,0.469405594405594,0.390762843798651,0.79734219269103,"Oeste"
"2016-17","Toronto Raptors",1,"2016-17",39.1585365853659,84.3658536585366,8.84146341463415,24.3414634146341,19.6951219512195,24.7317073170732,10.6219512195122,32.6341463414634,43.2560975609756,18.5,12.6951219512195,8.25609756097561,4.8780487804878,20.8292682926829,106.853658536585,51,0.464151488869615,0.363226452905812,0.796351084812623,"Este"
"2016-17","Utah Jazz",1,"2016-17",36.9878048780488,79.4512195121951,9.64634146341463,25.9512195121951,17.0853658536585,22.8658536585366,9.40243902439024,33.8292682926829,43.2317073170732,20.1341463414634,13.6341463414634,6.70731707317073,5,18.8414634146341,100.707317073171,51,0.465541059094397,0.371710526315789,0.7472,"Oeste"
"2016-17","Washington Wizards",1,"2016-17",41.3170731707317,87.0365853658537,9.21951219512195,24.7560975609756,17.3292682926829,22.0975609756098,10.280487804878,32.5731707317073,42.8536585365854,23.8536585365854,14.1707317073171,8.45121951219512,4.09756097560976,21.280487804878,109.182926829268,49,0.474709261594507,0.372413793103448,0.784216335540839,"Este"
"2017-18","Boston Celtics",2,"2017-18",38.3048780487805,85.0609756097561,11.4512195121951,30.390243902439,15.9512195121951,20.6951219512195,9.35365853658537,35.0975609756098,44.4512195121951,22.4634146341463,14,7.36585365853659,4.54878048780488,19.7317073170732,104.012195121951,55,0.450322580645161,0.376805778491172,0.770771950500884,"Este"
"2017-18","Cleveland Cavaliers",3,"2017-18",40.3780487804878,84.7560975609756,11.9634146341463,32.1463414634146,18.1463414634146,23.280487804878,8.46341463414634,33.6707317073171,42.1341463414634,23.3658536585366,13.7317073170732,7.09756097560976,3.80487804878049,18.5853658536585,110.865853658537,50,0.476402877697842,0.372154779969651,0.779465688842326,"Este"
"2017-18","Golden State Warriors",4,"2017-18",42.7926829268293,85.109756097561,11.2926829268293,28.890243902439,16.5853658536585,20.3414634146341,8.42682926829268,35.0853658536585,43.5121951219512,29.2926829268293,15.4268292682927,8,7.46341463414634,19.5975609756098,113.463414634146,58,0.502794096575441,0.390882228788518,0.815347721822542,"Oeste"
"2017-18","Houston Rockets",2,"2017-18",38.7073170731707,84.219512195122,15.3170731707317,42.3170731707317,19.6219512195122,25.1341463414634,9.01219512195122,34.4512195121951,43.4634146341463,21.5487804878049,13.8414634146341,8.52439024390244,4.78048780487805,19.4756097560976,112.353658536585,65,0.459600347523892,0.361959654178674,0.780688985929161,"Oeste"
"2017-18","Indiana Pacers",0,"2017-18",40.7926829268293,86.3780487804878,9.03658536585366,24.5121951219512,14.9390243902439,19.1829268292683,9.60975609756098,32.7317073170732,42.3414634146341,22.1829268292683,13.2682926829268,8.79268292682927,4.14634146341463,18.8292682926829,105.560975609756,48,0.472257518000847,0.36865671641791,0.778766687857597,"Este"
"2017-18","Miami Heat",0,"2017-18",38.8292682926829,85.3292682926829,11.0121951219512,30.5609756097561,14.7439024390244,19.5243902439024,9.30487804878049,34.1585365853659,43.4634146341463,22.7073170731707,14.3658536585366,7.5609756097561,5.32926829268293,20.0975609756098,103.414634146341,44,0.455052165213663,0.360335195530726,0.755153029356652,"Este"
"2017-18","Milwaukee Bucks",0,"2017-18",39.719512195122,83.0121951219512,8.75609756097561,24.6829268292683,18.280487804878,23.3536585365854,8.39024390243902,31.4512195121951,39.8414634146341,23.2317073170732,13.8414634146341,8.80487804878049,5.40243902439024,21.3658536585366,106.475609756098,44,0.478478037314529,0.354743083003953,0.782767624020888,"Este"
"2017-18","Minnesota Timberwolves",0,"2017-18",41.0365853658537,86.1341463414634,8.02439024390244,22.5,19.4146341463415,24.1463414634146,10.3414634146341,31.6219512195122,41.9634146341463,22.6951219512195,12.4512195121951,8.40243902439024,4.20731707317073,18.2317073170732,109.512195121951,47,0.47642644768512,0.356639566395664,0.804040404040404,"Oeste"
"2017-18","New Orleans Pelicans",1,"2017-18",42.6829268292683,88.3048780487805,10.2073170731707,28.1951219512195,16.1463414634146,20.9268292682927,8.68292682926829,35.6463414634146,44.3292682926829,26.7682926829268,14.9146341463415,8.01219512195122,5.91463414634146,19.1463414634146,111.719512195122,48,0.483358652119873,0.362024221453287,0.771561771561772,"Oeste"
"2017-18","Oklahoma City Thunder",0,"2017-18",39.890243902439,88.0609756097561,10.7439024390244,30.3780487804878,17.3292682926829,24.2073170731707,12.4878048780488,32.5731707317073,45.0609756097561,21.3414634146341,13.9878048780488,9.0609756097561,5.02439024390244,20.1585365853659,107.853658536585,48,0.452984351197895,0.353673223604978,0.715869017632242,"Oeste"
"2017-18","Philadelphia 76ers",1,"2017-18",40.8414634146341,86.5609756097561,10.9878048780488,29.8170731707317,17.1341463414634,22.780487804878,10.890243902439,36.5365853658537,47.4268292682927,27.0853658536585,16.5,8.31707317073171,5.1219512195122,22.0853658536585,109.80487804878,52,0.471823048746126,0.368507157464213,0.752141327623126,"Este"
"2017-18","Portland Trail Blazers",0,"2017-18",39.2926829268293,86.9756097560976,10.3048780487805,28.1463414634146,16.7317073170732,20.9146341463415,10.1829268292683,35.280487804878,45.4634146341463,19.5,13.5243902439024,6.98780487804878,5.15853658536585,19.5,105.621951219512,49,0.45176668536175,0.366117850953206,0.8,"Oeste"
"2017-18","San Antonio Spurs",0,"2017-18",39.0487804878049,85.3536585365854,8.48780487804878,24.109756097561,16.1463414634146,20.9146341463415,10.3536585365854,33.8658536585366,44.219512195122,22.780487804878,13.1463414634146,7.65853658536585,5.60975609756098,17.1707317073171,102.731707317073,47,0.457493927703958,0.352048558421851,0.77201166180758,"Oeste"
"2017-18","Toronto Raptors",1,"2017-18",41.2560975609756,87.4268292682927,11.8048780487805,32.9878048780488,17.3414634146341,21.8292682926829,9.75609756097561,34.2317073170732,43.9878048780488,24.3292682926829,13.3536585365854,7.63414634146341,6.09756097560976,21.7439024390244,111.658536585366,59,0.471892872088157,0.357855822550832,0.794413407821229,"Este"
"2017-18","Utah Jazz",1,"2017-18",38.280487804878,82.890243902439,10.8170731707317,29.5731707317073,16.7682926829268,21.5365853658537,9.02439024390244,34.2317073170732,43.2560975609756,22.4268292682927,14.6951219512195,8.63414634146342,5.1219512195122,19.609756097561,104.146341463415,48,0.461821391790496,0.365773195876289,0.778595696489241,"Oeste"
"2017-18","Washington Wizards",0,"2017-18",39.9390243902439,85.5853658536585,9.92682926829268,26.5,16.8048780487805,21.780487804878,10.0365853658537,33.0853658536585,43.1219512195122,25.1829268292683,14.5853658536585,7.86585365853659,4.30487804878049,21.2926829268293,106.609756097561,43,0.466657167284126,0.374597330878969,0.771556550951848,"Este"
"2018-19","Boston Celtics",1,"2018-19",42.0853658536585,90.5243902439024,12.5853658536585,34.5,15.6341463414634,19.4878048780488,9.80487804878049,34.7439024390244,44.5487804878049,26.280487804878,12.8292682926829,8.60975609756098,5.30487804878049,20.3658536585366,112.390243902439,49,0.464906372086757,0.364793213149523,0.802252816020025,"Este"
"2018-19","Brooklyn Nets",0,"2018-19",40.2560975609756,89.7317073170732,12.7682926829268,36.1585365853659,18.9634146341463,25.4634146341463,10.9756097560976,35.5975609756098,46.5731707317073,23.8292682926829,15.0731707317073,6.57317073170732,4.13414634146341,21.5,112.243902439024,42,0.448627344387062,0.353119730185497,0.744731800766284,"Este"
"2018-19","Denver Nuggets",1,"2018-19",41.9390243902439,90.0487804878049,11.0121951219512,31.3536585365854,15.780487804878,20.9024390243902,11.8536585365854,34.5365853658537,46.390243902439,27.3780487804878,13.4390243902439,7.73170731707317,4.42682926829268,20.0487804878049,110.670731707317,54,0.465736728060672,0.3512252042007,0.754959159859977,"Oeste"
"2018-19","Detroit Pistons",0,"2018-19",38.8414634146341,88.2682926829268,12.109756097561,34.8048780487805,17.2560975609756,23.0853658536585,11.4146341463415,33.5609756097561,44.9756097560976,22.5,13.8414634146341,6.9390243902439,4.03658536585366,22.0853658536585,107.048780487805,41,0.440038684719536,0.347932725998598,0.747490755414686,"Este"
"2018-19","Golden State Warriors",3,"2018-19",44.0487804878049,89.7682926829268,13.2560975609756,34.4390243902439,16.3292682926829,20.390243902439,9.71951219512195,36.4634146341463,46.1829268292683,29.4268292682927,14.2560975609756,7.6219512195122,6.40243902439024,21.4268292682927,117.682926829268,57,0.490694199157723,0.384915014164306,0.800837320574163,"Oeste"
"2018-19","Houston Rockets",1,"2018-19",39.2439024390244,87.3536585365854,16.1341463414634,45.3780487804878,19.2926829268293,24.4024390243902,10.1951219512195,31.8658536585366,42.0609756097561,21.2317073170732,13.3414634146341,8.53658536585366,4.9390243902439,21.9878048780488,113.914634146341,53,0.449253106240402,0.35554958344531,0.790604697651174,"Oeste"
"2018-19","Indiana Pacers",0,"2018-19",41.3414634146341,87.0121951219512,9.5,25.3780487804878,15.8292682926829,21.0609756097561,9.29268292682927,33.7317073170732,43.0243902439024,25.9512195121951,13.6829268292683,8.69512195121951,4.92682926829268,19.4390243902439,108.012195121951,48,0.475122634898388,0.374339259971168,0.751592356687898,"Este"
"2018-19","LA Clippers",0,"2018-19",41.2682926829268,87.5365853658537,10.0121951219512,25.8292682926829,22.5975609756098,28.5365853658537,9.70731707317073,35.8048780487805,45.5121951219512,24.0243902439024,14.5487804878049,6.84146341463415,4.69512195121951,23.3292682926829,115.146341463415,48,0.471440512677626,0.387629839471199,0.791880341880342,"Oeste"
"2018-19","Milwaukee Bucks",2,"2018-19",43.3536585365854,91.109756097561,13.4756097560976,38.219512195122,17.9390243902439,23.219512195122,9.29268292682927,40.4390243902439,49.7317073170732,26.0487804878049,13.8658536585366,7.5,5.92682926829268,19.609756097561,118.121951219512,60,0.47583991433543,0.352584556477345,0.772584033613445,"Este"
"2018-19","Oklahoma City Thunder",0,"2018-19",42.6463414634146,93.9756097560976,11.3658536585366,32.6463414634146,17.8170731707317,24.9878048780488,12.5731707317073,35.5,48.0731707317073,23.3780487804878,13.9634146341463,9.34146341463415,5.18292682926829,22.4268292682927,114.475609756098,49,0.453802232026992,0.348150915203586,0.71303074670571,"Oeste"
"2018-19","Orlando Magic",0,"2018-19",40.4390243902439,89.109756097561,11.4268292682927,32.109756097561,15.0121951219512,19.2073170731707,10.0243902439024,35.390243902439,45.4146341463415,25.5487804878049,13.1951219512195,6.6219512195122,5.42682926829268,18.609756097561,107.317073170732,42,0.453811413712878,0.35586783137106,0.781587301587302,"Este"
"2018-19","Philadelphia 76ers",1,"2018-19",41.5487804878049,88.2073170731707,10.8414634146341,30.1707317073171,21.2439024390244,27.5365853658537,10.8780487804878,36.890243902439,47.7682926829268,26.9146341463415,14.9146341463415,7.39024390243902,5.26829268292683,21.280487804878,115.182926829268,51,0.471035531591318,0.359337105901374,0.771479185119575,"Este"
"2018-19","Portland Trail Blazers",2,"2018-19",42.3170731707317,90.5731707317073,11.0243902439024,30.7317073170732,19,23.3414634146341,11.7926829268293,36.1951219512195,47.9878048780488,23.0121951219512,13.8414634146341,6.65853658536585,5.03658536585366,20.3536585365854,114.658536585366,53,0.467214218392352,0.358730158730159,0.814002089864159,"Oeste"
"2018-19","San Antonio Spurs",0,"2018-19",42.2926829268293,88.390243902439,9.90243902439024,25.2560975609756,17.1707317073171,20.9756097560976,9.23170731707317,35.4878048780488,44.719512195122,24.5487804878049,12.0975609756098,6.10975609756098,4.70731707317073,18.1341463414634,111.658536585366,48,0.478476821192053,0.392081120231772,0.818604651162791,"Oeste"
"2018-19","Toronto Raptors",4,"2018-19",42.1951219512195,89.0853658536585,12.3780487804878,33.7926829268293,17.6707317073171,21.9878048780488,9.58536585365854,35.609756097561,45.1951219512195,25.4268292682927,14.0243902439024,8.29268292682927,5.32926829268293,21.0243902439024,114.439024390244,58,0.473648186173854,0.36629375676651,0.803660565723794,"Este"
"2018-19","Utah Jazz",0,"2018-19",40.4146341463415,86.3658536585366,12.109756097561,34.0121951219512,18.780487804878,25.5121951219512,10,36.3536585365854,46.3536585365854,26.0121951219512,15.1219512195122,8.08536585365854,5.89024390243902,21.0731707317073,111.719512195122,50,0.467946907653205,0.356041591968447,0.736137667304015,"Oeste"
"2019-20","Boston Celtics",2,"2019-20",41.2638888888889,89.5555555555556,12.5694444444444,34.5416666666667,18.5555555555556,23.1666666666667,10.6666666666667,35.4027777777778,46.0694444444444,22.9861111111111,13.8194444444444,8.26388888888889,5.63888888888889,21.5694444444444,113.652777777778,48,0.460763027295285,0.36389223964616,0.800959232613909,"Este"
"2019-20","Brooklyn Nets",0,"2019-20",40.3888888888889,90.25,13.0694444444444,38.1388888888889,17.9305555555556,24.0555555555556,10.6388888888889,37.2638888888889,47.9027777777778,24.4583333333333,15.2638888888889,6.44444444444444,4.48611111111111,20.9722222222222,111.777777777778,35,0.447522314558326,0.342680262199563,0.745381062355658,"Este"
"2019-20","Dallas Mavericks",0,"2019-20",41.6533333333333,90.2933333333333,15.1466666666667,41.2666666666667,18.56,23.8266666666667,10.5466666666667,36.3866666666667,46.9333333333333,24.6533333333333,12.7066666666667,6.13333333333333,4.84,19.4933333333333,117.013333333333,43,0.461311281748376,0.367043618739903,0.778959149412423,"Oeste"
"2019-20","Denver Nuggets",2,"2019-20",42.041095890411,88.8767123287671,10.972602739726,30.6027397260274,16.2328767123288,20.9041095890411,10.7671232876712,33.3698630136986,44.1369863013699,26.7397260273973,13.7671232876712,8.02739726027397,4.61643835616438,20.3424657534247,111.287671232877,46,0.473027127003699,0.358549686660698,0.77653997378768,"Oeste"
"2019-20","Houston Rockets",1,"2019-20",40.7777777777778,90.4444444444444,15.6388888888889,45.2916666666667,20.6111111111111,26.0555555555556,9.77777777777778,34.5,44.2777777777778,21.625,14.6805555555556,8.70833333333333,5.15277777777778,21.75,117.805555555556,44,0.450859950859951,0.345292854952469,0.791044776119403,"Oeste"
"2019-20","Indiana Pacers",0,"2019-20",42.1232876712329,88.4520547945205,10.1780821917808,28.027397260274,15.013698630137,19.0821917808219,8.71232876712329,34.0958904109589,42.8082191780822,25.8630136986301,13.2465753424658,7.43835616438356,5.15068493150685,19.7945205479452,109.438356164384,45,0.476227350162614,0.363147605083089,0.786791098348887,"Este"
"2019-20","LA Clippers",0,"2019-20",41.5555555555556,89.2361111111111,12.4305555555556,33.4722222222222,20.8055555555556,26.3055555555556,10.6527777777778,37,47.6527777777778,23.7222222222222,14.5972222222222,7.09722222222222,4.69444444444444,22.1388888888889,116.347222222222,49,0.46568093385214,0.371369294605809,0.790918690601901,"Oeste"
"2019-20","Los Angeles Lakers",4,"2019-20",42.3380281690141,88.2957746478873,11.0140845070423,31.5774647887324,17.7464788732394,24.3380281690141,10.6619718309859,35.0704225352113,45.7323943661972,25.3943661971831,15.169014084507,8.61971830985915,6.59154929577465,20.7183098591549,113.43661971831,52,0.479502312968575,0.348795718108831,0.729166666666667,"Oeste"
"2019-20","Miami Heat",3,"2019-20",39.4520547945205,84.3835616438356,13.4109589041096,35.3972602739726,19.7260273972603,25.2054794520548,8.49315068493151,35.8767123287671,44.3698630136986,25.9178082191781,14.9041095890411,7.49315068493151,4.54794520547945,20.5616438356164,112.041095890411,44,0.467532467532468,0.378869969040248,0.782608695652174,"Este"
"2019-20","Milwaukee Bucks",1,"2019-20",43.2876712328767,90.9315068493151,13.7945205479452,38.9041095890411,18.3013698630137,24.6575342465753,9.46575342465753,42.2328767123288,51.6986301369863,25.8767123287671,15.0958904109589,7.20547945205479,5.87671232876712,19.6027397260274,118.671232876712,56,0.476047002109069,0.354577464788732,0.742222222222222,"Este"
"2019-20","Oklahoma City Thunder",0,"2019-20",39.9861111111111,85.5,10.6944444444444,30.1527777777778,19.75,24.8194444444444,8.23611111111111,34.6527777777778,42.8888888888889,21.6944444444444,13.6944444444444,7.63888888888889,4.90277777777778,19.3055555555556,110.416666666667,44,0.467673814165042,0.354675264854906,0.795747062115277,"Oeste"
"2019-20","Orlando Magic",0,"2019-20",39.3287671232877,88.6027397260274,11.0547945205479,32.2465753424658,17.5616438356164,22.6849315068493,10.2876712328767,34.2191780821918,44.5068493150685,23.9315068493151,12.8356164383562,8.20547945205479,5.42465753424658,18.3013698630137,107.27397260274,33,0.443877551020408,0.342820730671198,0.774154589371981,"Este"
"2019-20","Philadelphia 76ers",0,"2019-20",41.0958904109589,87.9041095890411,11.6164383561644,31.6027397260274,16.9315068493151,22.4383561643836,10.4657534246575,34.972602739726,45.4383561643836,25.8082191780822,14.2054794520548,8.02739726027397,5.32876712328767,20.9452054794521,110.739726027397,43,0.467508181393174,0.367576939748591,0.754578754578754,"Este"
"2019-20","Portland Trail Blazers",0,"2019-20",42.1891891891892,91.2027027027027,12.8648648648649,34.1216216216216,17.7297297297297,22.0540540540541,10.1891891891892,35.1216216216216,45.3108108108108,20.6081081081081,12.7837837837838,6.28378378378378,6.09459459459459,21.7027027027027,114.972972972973,35,0.462587049933323,0.377029702970297,0.803921568627451,"Oeste"
"2019-20","Toronto Raptors",1,"2019-20",40.2361111111111,87.9305555555556,13.8194444444444,36.9861111111111,18.4583333333333,23.1944444444444,9.51388888888889,35.875,45.3888888888889,25.2222222222222,14.8194444444444,8.83333333333333,4.97222222222222,21.6527777777778,112.75,53,0.45758963828779,0.373638753285768,0.795808383233533,"Este"
"2019-20","Utah Jazz",0,"2019-20",40.0833333333333,85.1388888888889,13.375,35.2361111111111,17.75,22.7916666666667,9.11111111111111,35.7916666666667,44.9027777777778,22.4305555555556,15.125,6.08333333333333,4.05555555555556,20.3888888888889,111.291666666667,44,0.470799347471452,0.379582183681514,0.778793418647166,"Oeste"
"2020-21","Atlanta Hawks",2,"2020-21",40.7916666666667,87.2361111111111,12.4305555555556,33.3611111111111,19.6805555555556,24.2361111111111,10.5555555555556,35.0694444444444,45.625,24.125,13.2361111111111,6.98611111111111,4.75,19.3333333333333,113.694444444444,41,0.467600700525394,0.372606161532057,0.812034383954155,"Este"
"2020-21","Boston Celtics",0,"2020-21",41.4583333333333,88.9027777777778,13.5972222222222,36.3611111111111,16.1111111111111,20.7777777777778,10.625,33.625,44.25,23.4583333333333,14.0555555555556,7.72222222222222,5.31944444444444,20.4305555555556,112.625,36,0.46633338540853,0.373949579831933,0.775401069518717,"Este"
"2020-21","Brooklyn Nets",1,"2020-21",43.1388888888889,87.3472222222222,14.1666666666667,36.1111111111111,18.125,22.5416666666667,8.88888888888889,35.5416666666667,44.4305555555556,26.7916666666667,13.5416666666667,6.72222222222222,5.26388888888889,19.0416666666667,118.569444444444,48,0.493878200031801,0.392307692307692,0.804066543438078,"Este"
"2020-21","Dallas Mavericks",0,"2020-21",41.0833333333333,87.3194444444444,13.8055555555556,38.1111111111111,16.4722222222222,21.1666666666667,9.125,34.2083333333333,43.3333333333333,22.875,12.0694444444444,6.25,4.31944444444444,19.3888888888889,112.444444444444,42,0.470494671544457,0.362244897959184,0.778215223097113,"Oeste"
"2020-21","Denver Nuggets",1,"2020-21",43.25,89.1944444444444,12.875,34.1944444444444,15.6805555555556,19.5277777777778,10.5277777777778,33.9166666666667,44.4444444444444,26.8472222222222,13.5,8.08333333333333,4.48611111111111,19.0833333333333,115.055555555556,47,0.484895671130489,0.376523151909017,0.80298719772404,"Oeste"
"2020-21","LA Clippers",0,"2020-21",41.7916666666667,86.6944444444444,14.2638888888889,34.6944444444444,16.1666666666667,19.2638888888889,9.41666666666667,34.7361111111111,44.1527777777778,24.3888888888889,13.1805555555556,7.06944444444444,4.09722222222222,19.2083333333333,114.013888888889,47,0.482057033002243,0.411128903122498,0.839221341023792,"Oeste"
"2020-21","Los Angeles Lakers",0,"2020-21",40.625,86.0694444444444,11.0555555555556,31.2222222222222,17.2361111111111,23.3194444444444,9.65277777777778,34.5833333333333,44.2361111111111,24.6527777777778,15.2083333333333,7.80555555555556,5.36111111111111,19.125,109.541666666667,42,0.472002581894465,0.354092526690391,0.739130434782609,"Oeste"
"2020-21","Memphis Grizzlies",0,"2020-21",42.8472222222222,91.7777777777778,11.1527777777778,31.3611111111111,16.4444444444444,21.3333333333333,11.1527777777778,35.3194444444444,46.4722222222222,26.9166666666667,13.2916666666667,9.09722222222222,5.05555555555556,18.7361111111111,113.291666666667,38,0.466858353510896,0.355624446412755,0.770833333333333,"Oeste"
"2020-21","Miami Heat",0,"2020-21",39.2222222222222,83.7361111111111,12.9444444444444,36.1944444444444,16.6805555555556,21.1111111111111,8.04166666666667,33.4583333333333,41.5,26.3194444444444,14.0694444444444,7.90277777777778,3.97222222222222,18.9305555555556,108.069444444444,40,0.468402720185769,0.357636224098235,0.790131578947369,"Este"
"2020-21","Milwaukee Bucks",4,"2020-21",44.7361111111111,91.8055555555556,14.4166666666667,37.0694444444444,16.2361111111111,21.375,10.2916666666667,37.8333333333333,48.125,25.4722222222222,13.8194444444444,8.125,4.63888888888889,17.2777777777778,120.125,46,0.487291981845688,0.388909704008992,0.759584145549058,"Este"
"2020-21","New York Knicks",0,"2020-21",39.4305555555556,86.4583333333333,11.7638888888889,30.0416666666667,16.4027777777778,20.9166666666667,9.66666666666667,35.4722222222222,45.1388888888889,21.4027777777778,12.9444444444444,7.04166666666667,5.06944444444444,20.4583333333333,107.027777777778,41,0.456064257028112,0.391585760517799,0.784196547144754,"Este"
"2020-21","Philadelphia 76ers",1,"2020-21",41.4027777777778,86.9027777777778,11.2638888888889,30.125,19.5694444444444,25.5,10.0277777777778,35.0277777777778,45.0555555555556,23.6944444444444,14.4444444444444,9.09722222222222,6.20833333333333,20.2222222222222,113.638888888889,49,0.476426402429279,0.373905025357308,0.767429193899782,"Este"
"2020-21","Phoenix Suns",3,"2020-21",43.3055555555556,88.2916666666667,13.0555555555556,34.5833333333333,15.6111111111111,18.7083333333333,8.75,34.1944444444444,42.9444444444444,26.9305555555556,12.5277777777778,7.18055555555556,4.33333333333333,19.0833333333333,115.277777777778,51,0.490482932200724,0.377510040160642,0.834446919079436,"Oeste"
"2020-21","Portland Trail Blazers",0,"2020-21",41.2916666666667,91.0833333333333,15.7222222222222,40.8194444444444,17.8055555555556,21.6388888888889,10.6388888888889,33.9027777777778,44.5416666666667,21.2638888888889,11.0972222222222,6.88888888888889,5.04166666666667,18.9166666666667,116.111111111111,42,0.453339432753888,0.385165022116366,0.822849807445443,"Oeste"
"2020-21","Utah Jazz",1,"2020-21",41.2638888888889,88.1111111111111,16.7361111111111,43.0277777777778,17.1527777777778,21.4722222222222,10.625,37.625,48.25,23.6527777777778,14.2083333333333,6.58333333333333,5.15277777777778,18.5416666666667,116.416666666667,52,0.468316519546028,0.38896061975468,0.798835705045278,"Oeste"
"2020-21","Washington Wizards",0,"2020-21",43.1666666666667,90.9305555555556,10.1805555555556,29,20.125,26.1666666666667,9.68055555555556,35.5138888888889,45.1944444444444,25.4861111111111,14.3888888888889,7.33333333333333,4.125,21.5972222222222,116.638888888889,34,0.474721246372384,0.351053639846743,0.769108280254777,"Este"
"2021-22","Atlanta Hawks",0,"2021-22",41.4756097560976,88.3048780487805,12.8780487804878,34.4024390243902,18.109756097561,22.3048780487805,10.0365853658537,33.9390243902439,43.9756097560976,24.5975609756098,11.8536585365854,7.15853658536585,4.24390243902439,18.7073170731707,113.939024390244,43,0.469686507388482,0.374335342077277,0.811919081465281,"Este"
"2021-22","Boston Celtics",3,"2021-22",40.7439024390244,87.4024390243902,13.2317073170732,37.1219512195122,17.0365853658537,20.890243902439,10.5243902439024,35.5487804878049,46.0731707317073,24.8292682926829,13.6341463414634,7.20731707317073,5.82926829268293,18.5487804878049,111.756097560976,51,0.466164364448165,0.356438896189225,0.815528312901343,"Este"
"2021-22","Brooklyn Nets",0,"2021-22",41.9756097560976,88.4268292682927,11.4634146341463,31.7317073170732,17.4878048780488,21.719512195122,10.2926829268293,34.0975609756098,44.390243902439,25.2560975609756,14.0609756097561,7.09756097560976,5.46341463414634,20.3658536585366,112.90243902439,44,0.474693145772997,0.361260568793236,0.805165637282426,"Este"
"2021-22","Chicago Bulls",0,"2021-22",41.7317073170732,86.9146341463415,10.6341463414634,28.8292682926829,17.5121951219512,21.5365853658537,8.67073170731707,33.6585365853659,42.3292682926829,23.8780487804878,12.8414634146341,7.13414634146341,4.09756097560976,18.780487804878,111.609756097561,46,0.480145923951172,0.368866328257191,0.813137032842582,"Este"
"2021-22","Dallas Mavericks",2,"2021-22",39.2926829268293,85.1463414634146,13.0853658536585,37.3536585365854,16.3536585365854,21.2073170731707,9.25609756097561,33.7682926829268,43.0243902439024,23.390243902439,12.5,6.73170731707317,3.96341463414634,19.6585365853659,108.024390243902,52,0.46147235749069,0.350310153444336,0.771132834962622,"Oeste"
"2021-22","Denver Nuggets",0,"2021-22",41.6585365853659,86.3292682926829,12.6707317073171,35.9024390243902,16.7317073170732,21.0365853658537,9.17073170731707,34.9390243902439,44.109756097561,27.7926829268293,14.5,7.21951219512195,3.71951219512195,19.9878048780488,112.719512195122,48,0.482554033055516,0.352921195652174,0.79536231884058,"Oeste"
"2021-22","Golden State Warriors",4,"2021-22",40.5243902439024,86.4268292682927,14.3414634146341,39.4024390243902,15.609756097561,20.3048780487805,9.75609756097561,35.7317073170732,45.4878048780488,27.109756097561,14.890243902439,8.76829268292683,4.53658536585366,21.0121951219512,111,53,0.468886693946663,0.36397400185701,0.768768768768769,"Oeste"
"2021-22","Memphis Grizzlies",1,"2021-22",43.5487804878049,94.3780487804878,11.5243902439024,32.6707317073171,16.9878048780488,23.1463414634146,14.1341463414634,35.0365853658537,49.1707317073171,25.9878048780488,13.1951219512195,9.75609756097561,6.5,19.7560975609756,115.609756097561,56,0.461429125209975,0.352743561030235,0.733930453108535,"Oeste"
"2021-22","Miami Heat",2,"2021-22",39.5853658536585,84.8048780487805,13.5853658536585,35.8048780487805,17.2682926829268,21.3780487804878,9.84146341463415,33.8780487804878,43.719512195122,25.4878048780488,14.5609756097561,7.39024390243902,3.23170731707317,20.4756097560976,110.024390243902,53,0.466781708369284,0.379427792915531,0.807758128921848,"Este"
"2021-22","Milwaukee Bucks",1,"2021-22",41.8170731707317,89.4024390243902,14.0609756097561,38.4268292682927,17.7926829268293,22.9390243902439,10.2439024390244,36.4634146341463,46.7073170731707,23.9024390243902,13.4146341463415,7.59756097560976,3.97560975609756,18.219512195122,115.487804878049,51,0.467739735370345,0.365915582354808,0.77565124933546,"Este"
"2021-22","Minnesota Timberwolves",0,"2021-22",41.5975609756098,90.9512195121951,14.7682926829268,41.2926829268293,17.9756097560976,23.0975609756098,11.2317073170732,32.9268292682927,44.1585365853659,25.6829268292683,14.3292682926829,8.79268292682927,5.60975609756098,21.780487804878,115.939024390244,46,0.457361222847948,0.357649143532191,0.778247096092925,"Oeste"
"2021-22","New Orleans Pelicans",0,"2021-22",40.1707317073171,87.9512195121951,10.6463414634146,32.0609756097561,18.3048780487805,23.2073170731707,11.9634146341463,33.2439024390244,45.2073170731707,24.9634146341463,14.0609756097561,8.29268292682927,4,19.6585365853659,109.292682926829,36,0.456738768718802,0.332065424115633,0.788754598003153,"Oeste"
"2021-22","Philadelphia 76ers",1,"2021-22",39.390243902439,84.5365853658537,11.5853658536585,31.8048780487805,19.5731707317073,23.8414634146341,8.53658536585366,33.780487804878,42.3170731707317,23.719512195122,12.5243902439024,7.71951219512195,5.30487804878049,19.390243902439,109.939024390244,51,0.465954991344489,0.364263803680981,0.820971867007673,"Este"
"2021-22","Phoenix Suns",1,"2021-22",43.6707317073171,90.109756097561,11.5975609756098,31.9024390243902,15.890243902439,19.9390243902439,9.76829268292683,35.5243902439024,45.2926829268293,27.3658536585366,12.9268292682927,8.5609756097561,4.3780487804878,19.9146341463415,114.829268292683,64,0.484639328731899,0.363532110091743,0.796941896024465,"Oeste"
"2021-22","Toronto Raptors",0,"2021-22",40.6341463414634,91.3292682926829,11.9390243902439,34.2439024390244,16.1829268292683,21.3292682926829,13.3536585365854,31.9756097560976,45.3292682926829,22.0609756097561,12.4512195121951,9,4.58536585365854,19.5975609756098,109.390243902439,48,0.444919214848444,0.348646723646724,0.75871926815323,"Este"
"2021-22","Utah Jazz",0,"2021-22",40.5731707317073,86.1829268292683,14.5365853658537,40.3414634146341,17.9268292682927,23.3658536585366,10.780487804878,35.5609756097561,46.3414634146341,22.390243902439,14,7.17073170731707,4.90243902439024,18.8658536585366,113.609756097561,49,0.470779680203764,0.360338573155985,0.767223382045929,"Oeste"
"2022-23","Atlanta Hawks",0,"2022-23",44.609756097561,92.3658536585366,10.7560975609756,30.5487804878049,18.4512195121951,22.5609756097561,11.219512195122,33.1585365853659,44.3780487804878,24.9878048780488,12.9268292682927,7.07317073170732,4.89024390243902,18.7926829268293,118.426829268293,41,0.482968048587272,0.352095808383234,0.817837837837838,"Este"
"2022-23","Boston Celtics",2,"2022-23",42.1951219512195,88.7560975609756,16.0365853658537,42.5853658536585,17.5121951219512,21.5731707317073,9.70731707317073,35.6219512195122,45.3292682926829,26.6585365853659,13.3536585365854,6.35365853658537,5.24390243902439,18.8048780487805,117.939024390244,57,0.475405331134927,0.376575028636884,0.81175805539853,"Este"
"2022-23","Brooklyn Nets",0,"2022-23",41.4512195121951,85.0975609756098,12.780487804878,33.7926829268293,17.6707317073171,22.0853658536585,8.21951219512195,32.2926829268293,40.5121951219512,25.5243902439024,13.7439024390244,7.13414634146341,6.17073170731707,21.0975609756098,113.353658536585,45,0.487102321582115,0.378202814868279,0.800110436223081,"Este"
"2022-23","Cleveland Cavaliers",0,"2022-23",41.5609756097561,85.1707317073171,11.5853658536585,31.5731707317073,17.5487804878049,22.4878048780488,9.69512195121951,31.390243902439,41.0853658536585,24.9390243902439,13.3414634146341,7.14634146341463,4.68292682926829,19.0243902439024,112.256097560976,51,0.487972508591065,0.366937041328698,0.780368763557484,"Este"
"2022-23","Denver Nuggets",4,"2022-23",43.5853658536585,86.4390243902439,11.8170731707317,31.2073170731707,16.8048780487805,22.3658536585366,10.0975609756098,32.9146341463415,43.0121951219512,28.8780487804878,14.5365853658537,7.53658536585366,4.48780487804878,18.5975609756098,115.792682926829,53,0.504232505643341,0.378663540445487,0.751363140676118,"Oeste"
"2022-23","Golden State Warriors",1,"2022-23",43.1463414634146,90.1585365853658,16.6219512195122,43.1707317073171,16.0243902439024,20.1829268292683,10.5365853658537,34.0609756097561,44.5975609756098,29.8292682926829,16.2926829268293,7.17073170731707,3.95121951219512,21.4146341463415,118.939024390244,44,0.478560800757473,0.385028248587571,0.793957703927492,"Oeste"
"2022-23","LA Clippers",0,"2022-23",41.0975609756098,86.0975609756098,12.6951219512195,33.3414634146341,18.6951219512195,23.9268292682927,9.79268292682927,33.4390243902439,43.2317073170732,23.890243902439,14.2317073170732,7.07317073170732,4.4390243902439,19.4878048780488,113.585365853659,44,0.477337110481586,0.380760790051207,0.781345565749236,"Oeste"
"2022-23","Los Angeles Lakers",2,"2022-23",42.8780487804878,89,10.7926829268293,31.1951219512195,20.6219512195122,26.609756097561,9.97560975609756,35.7317073170732,45.7073170731707,25.2682926829268,14.0731707317073,6.41463414634146,4.60975609756098,17.8780487804878,117.170731707317,43,0.481775828994245,0.345973416731822,0.774977085242897,"Oeste"
"2022-23","Memphis Grizzlies",0,"2022-23",43.719512195122,92.0853658536585,12.0121951219512,34.2317073170732,17.4634146341463,23.8292682926829,12.0487804878049,34.5731707317073,46.6219512195122,26.0365853658537,13.609756097561,8.29268292682927,5.76829268292683,20.0365853658537,116.914634146341,51,0.474771553436631,0.35090844317777,0.732855680655066,"Oeste"
"2022-23","Miami Heat",3,"2022-23",39.2073170731707,85.2560975609756,11.9512195121951,34.780487804878,19.109756097561,22.9878048780488,9.70731707317073,30.890243902439,40.5975609756098,23.8414634146341,13.4878048780488,7.98780487804878,2.96341463414634,18.4878048780488,109.475609756098,44,0.459876984694607,0.343618513323983,0.83129973474801,"Este"
"2022-23","Milwaukee Bucks",0,"2022-23",42.7317073170732,90.3780487804878,14.8414634146341,40.3170731707317,16.6341463414634,22.4024390243902,11.1463414634146,37.4878048780488,48.6341463414634,25.7926829268293,14.6219512195122,6.35365853658537,4.91463414634146,18.0487804878049,116.939024390244,58,0.472810686816894,0.368118572292801,0.74251497005988,"Este"
"2022-23","Minnesota Timberwolves",0,"2022-23",42.8658536585366,87.4024390243902,12.1585365853659,33.3048780487805,17.890243902439,23.6829268292683,9.13414634146342,32.7560975609756,41.890243902439,26.1585365853659,15.3414634146341,8.01219512195122,5.41463414634146,21.5609756097561,115.780487804878,42,0.490442305009069,0.365067740754302,0.755406797116375,"Oeste"
"2022-23","New York Knicks",1,"2022-23",42,89.3658536585366,12.6463414634146,35.7317073170732,19.3780487804878,25.4512195121951,12.5731707317073,34.0243902439024,46.5975609756098,22.9268292682927,12.9878048780488,6.42682926829268,4.14634146341463,20.3170731707317,116.024390243902,47,0.469978165938865,0.353924914675768,0.761379971250599,"Este"
"2022-23","Philadelphia 76ers",1,"2022-23",40.8170731707317,83.780487804878,12.6219512195122,32.6219512195122,20.9634146341463,25.0975609756098,8.71951219512195,32.2073170731707,40.9268292682927,25.1585365853659,13.6707317073171,7.74390243902439,4.74390243902439,20.4268292682927,115.219512195122,54,0.487190684133916,0.386915887850467,0.835276967930029,"Este"
"2022-23","Phoenix Suns",1,"2022-23",42.109756097561,90.0975609756098,12.2073170731707,32.609756097561,17.219512195122,21.719512195122,11.8414634146341,32.4024390243902,44.2439024390244,27.2560975609756,13.5365853658537,7.13414634146341,5.26829268292683,21.2073170731707,113.646341463415,45,0.467379534380076,0.37434554973822,0.792813026389669,"Oeste"
"2022-23","Sacramento Kings",0,"2022-23",43.5731707317073,88.1951219512195,13.7560975609756,37.3170731707317,19.8048780487805,25.0609756097561,9.53658536585366,32.9146341463415,42.4512195121951,27.280487804878,13.4878048780488,7,3.35365853658537,19.7073170731707,120.707317073171,48,0.494054203539823,0.368627450980392,0.790267639902676,"Oeste"
